Question,Answer
"1. What is the title of the document, and what is its version number? Additionally, what is the purpose of the document, and what standards does it outline?","The title of the document is ""HGV Eco Driving Training Standard"", and its version number is 1.0. 

The purpose of the document is to outline the standards for HGV Eco driving coaching programmes aimed at improving driving efficiency and reducing environmental impact. 

The document outlines the requirements for coaching delivery, safety protocols, performance measurement, follow-up support, driver training and coaching, assessment, and approval for HGV Eco Driving Training Providers and Trainers. Specifically, it covers aspects such as coaching delivery, safety protocols, and the qualifications and requirements for Approved HGV Eco Driving Master Trainers, Approved HGV Eco Driving Training Providers, and In-House Coaches."
"2. Who is the author of the document, and what is the approval authority? What role does the Department of Transport play in the approval process?","The author of the document is The Chartered Institute of Logistics & Transport (CILT). The approval authority is the Department of Transport. 

The Department of Transport plays a significant role in the approval process, as they are the ones who approve the Assessing Body, Subject Matter Experts (SMEs), and ultimately, the Approved HGV Eco Driving Training Providers and Master Trainers. They also review the document, with James Kearney from CILT reviewing it on behalf of the Department of Transport. Additionally, the Department of Transport maintains control over the document and is responsible for its maintenance and updates."
"3. What is the purpose of the HGV Eco Driving Standard, and what are its core requirements? How does it relate to reducing fuel consumption and environmental impact?","The purpose of the HGV Eco Driving Standard is to specify requirements for HGV Eco driving coaching programs aimed at improving driving efficiency and reducing environmental impact through reducing fuel consumption, energy management, and maintenance efficiencies.

The core requirements of the standard, marked with an '*' in the document, include:

* Coaching delivery requirements, such as classroom-based instruction led by an Approved HGV Eco Driving Master Trainer or an Approved HGV Eco Driving Training Provider
* Safety protocols, such as the role of the ADI instructor and the responsibility of the driver
* Performance measurement and follow-up support

The standard relates to reducing fuel consumption and environmental impact by providing a framework for training programs that aim to improve driving efficiency and reduce energy consumption. The standard covers aspects of coaching delivery, safety protocols, and performance measurement, with the goal of reducing fuel consumption and environmental impact.

Some of the specific requirements and guidelines mentioned in the standard that relate to reducing fuel consumption and environmental impact include:

* Eco-Will: a widespread implementation for learner drivers and licensed drivers short duration eco-driving training programs
* TREATISE: a project that provides free training on sustainable transport subjects
* SAFED: a theory and practical driver training program that aims to re-educate drivers in safer driving, modern fuel-efficient driving techniques, and reduce the risk of being involved in a collision.

Overall, the HGV Eco Driving Standard provides a framework for training programs that aim to reduce fuel consumption and environmental impact by improving driving efficiency and promoting sustainable driving practices."
"4. What is an Approved HGV Eco Driving Training Provider, and what are their responsibilities? What qualifications and expertise are required to become an Approved HGV Eco Driving Training Provider?","An Approved HGV Eco Driving Training Provider is an organization or person approved by the Assessing Body to offer and conduct eco-driving training programs to the public in line with the HGV Eco Driving Standard. 

To become an Approved HGV Eco Driving Training Provider, the individual or organization must be approved by the Assessing Body. However, the document does not explicitly state the specific qualifications and expertise required to become an Approved HGV Eco Driving Training Provider.

It is mentioned that an Approved HGV Eco Driving Training Provider may deliver training, but if the person is not an Approved HGV Eco Driving Master Trainer, they may not deliver in-cab coaching or train an in-house coach. 

The document does mention that instructors delivering classroom-based instruction should have appropriate knowledge/expertise specific to the content they are delivering, including Eco Will, TREATISE, or SAFED, or other qualifications that meet a similar standard. However, this is in the context of coaching delivery, not specifically the requirements for becoming an Approved HGV Eco Driving Training Provider."
"5. What is the role of an Approved HGV Eco Driving Master Trainer, and what are their qualifications? How do they differ from In-House Coaches, and what is the significance of their role in delivering HGV Eco Driving training programs?","An Approved HGV Eco Driving Master Trainer is a person who is a recognized ADI (Approved Driving Instructor) or has a minimum of 3 years licensed experience in the category of vehicle. They are approved by the Assessing Body to deliver train-the-trainer training for In-House Coaches and to the public via an Approved HGV Eco Driving Training Provider.

Their role is to deliver HGV Eco Driving training programs, including training In-House Coaches, who will then deliver the coaching program to professional drivers within their own organization. The Master Trainer must have appropriate knowledge and expertise specific to the content they are delivering, including Eco-Will, TREATISE, SAFED, or other qualifications that meet a similar standard.

In-House Coaches, on the other hand, are non-ADI individuals trained by an Approved HGV Eco Driving Master Trainer to deliver the HGV Eco Driving coaching program within their own organization. They must have completed a recognized train-the-trainer course.

The significance of the Approved HGV Eco Driving Master Trainer's role is that they are responsible for ensuring that In-House Coaches are properly trained to deliver the HGV Eco Driving coaching program, which aims to improve driving efficiency and reduce environmental impact. The Master Trainer's expertise and qualifications are essential in maintaining the quality and consistency of the training program, and their role is critical in delivering effective HGV Eco Driving training programs to professional drivers."
"6. What is the difference between an Approved Driving Instructor (ADI) and an In-House Coach? What are the responsibilities and limitations of each, and how do they interact with drivers during training sessions?","According to the provided context, an Approved Driving Instructor (ADI) and an In-House Coach have distinct roles and responsibilities:

1. **Approved Driving Instructor (ADI)**:
	* An ADI is a person currently registered with the RSA as an ADI for the relevant vehicle category and approved to teach learner drivers.
	* An ADI can deliver in-cab coaching and train in-house coaches.
	* During training sessions, an ADI is responsible for providing instruction and guidance to drivers.
2. **In-House Coach**:
	* An In-House Coach is a non-ADI individual trained by an Approved HGV Eco Driving Master Trainer to deliver the HGV Eco-driving coaching program for professional drivers within their own organization.
	* In-House Coaches have completed a recognized train-the-trainer course.
	* An In-House Coach can only deliver coaching within their own organization and cannot provide in-cab coaching to drivers who are not part of their organization.

Key differences and limitations:

* An ADI has a broader scope of practice, including teaching learner drivers and providing in-cab coaching, whereas an In-House Coach is limited to coaching professional drivers within their own organization.
* An ADI is registered with the RSA, whereas an In-House Coach is trained by an Approved HGV Eco Driving Master Trainer and approved by the assessing body.
* During training sessions, an ADI is responsible for providing instruction and guidance, whereas an In-House Coach provides coaching and support to drivers.

Interaction with drivers during training sessions:

* An ADI will provide direct instruction and guidance to drivers, including feedback on their driving techniques and performance.
* An In-House Coach will work with drivers to identify areas for improvement, provide coaching and support, and help them develop eco-driving skills and habits.
* In both cases, the driver remains fully responsible for the vehicle and compliance with the rules of the road, regardless of any advice or guidance provided by the ADI or In-House Coach."
"7. What is Eco-Will, and what is its relevance to the HGV Eco Driving Standard? How does it relate to sustainable transport subjects, and what other initiatives (such as TREATISE) are connected to Eco-Will?","Eco-Will refers to the Widespread Implementation for Learner Drivers and Licensed Drivers short duration eco-driving training programs for licensed drivers in 13 European countries. According to the provided context, information about Eco-Will is available at www.cieca.eu/project/33.

Eco-Will is relevant to the HGV Eco Driving Standard as it is mentioned as one of the areas of knowledge/expertise that an instructor should have to deliver HGV Eco-Driving training. Specifically, it is listed alongside TREATISE and SAFED as examples of qualifications or knowledge that an instructor should possess.

Eco-Will relates to sustainable transport subjects, as it focuses on eco-driving training programs, which aim to reduce fuel consumption and environmental impact. TREATISE is another initiative connected to sustainable transport subjects, which provided free training on sustainable transport subjects, primarily for energy and transport professionals, from January 2005 to June 2007.

While the context does not explicitly state a direct connection between Eco-Will and TREATISE, both initiatives seem to be related to sustainable transport and eco-driving. However, more information would be needed to fully understand the relationship between these initiatives."
"8. What is a Trip Computer, and how is it used in the context of HGV Eco Driving? What data does it provide, and how can drivers use this information to improve their eco-driving skills?","A Trip Computer is a vehicle's built-in device that provides data on fuel consumption, distance traveled, and other performance metrics. In the context of HGV Eco Driving, the Trip Computer can be used to monitor and track a driver's performance, helping them to identify areas for improvement and optimize their driving techniques.

The Trip Computer provides data on:

1. Fuel consumption: This information can help drivers understand how their driving habits, such as speed, acceleration, and braking, affect fuel efficiency.
2. Distance traveled: This data can be used to track routes, monitor mileage, and optimize logistics.
3. Other performance metrics: These may include metrics such as average speed, idle time, and gear shifting patterns.

Drivers can use this information to improve their eco-driving skills by:

1. Monitoring and adjusting their driving habits to optimize fuel efficiency.
2. Identifying areas where they can improve their driving techniques, such as reducing idle time or optimizing gear shifting.
3. Tracking their progress over time and adjusting their driving habits accordingly.
4. Using the data to inform route planning and logistics decisions, such as choosing the most fuel-efficient routes or optimizing delivery schedules.

By utilizing the data provided by the Trip Computer, drivers can develop more efficient and environmentally friendly driving habits, which can help reduce fuel consumption, lower emissions, and improve overall road safety."
"9. What is TREATISE, and what is its connection to sustainable transport subjects? How does it relate to the HGV Eco Driving Standard, and what other initiatives are connected to TREATISE?","TREATISE is an EC project that operated from January 2005 to June 2007. It provided free training on sustainable transport subjects, primarily for energy and transport professionals, with a focus on cleaner fuels and vehicles. 

In the context of the HGV Eco Driving Standard, TREATISE is mentioned as one of the qualifications or knowledge areas that an instructor must have to deliver HGV Eco-Driving training. Specifically, it is listed as one of the areas of expertise that an Approved HGV Eco Driving Master Trainer or an Approved HGV Eco Driving Training Provider should have, along with Eco-Will and SAFED.

There is no direct connection mentioned between TREATISE and other initiatives in the provided text, except that it is mentioned alongside Eco-Will and SAFED as relevant knowledge areas for HGV Eco-Driving training. Eco-Will is a project that implemented short-duration eco-driving training programs for licensed drivers in 13 European countries, and SAFED is a theory and practical driver training program that aims to educate drivers on safer and more fuel-efficient driving techniques."
"10. What is SAFED, and how does it relate to the HGV Eco Driving Standard? What are the key aspects of the SAFED program, and how does it contribute to reducing fuel consumption and environmental impact?","According to the provided context, SAFED stands for Safe and Fuel-Efficient Driving. It is a theory and practical driver training program that aims to re-educate drivers in safer driving, modern fuel-efficient driving techniques, and reduce a driver's risk of being involved in a collision.

The SAFED program is mentioned as one of the qualifications that an instructor must have to deliver HGV Eco-Driving training. Specifically, it is stated that the instructor must have knowledge/expertise in SAFED, among other qualifications, to deliver classroom-based instruction.

The key aspects of the SAFED program are not explicitly detailed in the provided context, but it is mentioned that it is a theory and practical driver training program. It is likely that the program covers topics such as safe driving practices, fuel-efficient driving techniques, and collision prevention.

The SAFED program contributes to reducing fuel consumption and environmental impact by promoting fuel-efficient driving techniques and safer driving practices. By educating drivers on how to drive more efficiently and safely, the program aims to reduce fuel consumption, lower emissions, and minimize the environmental impact of transportation.

It is worth noting that the context does not provide a detailed overview of the SAFED program, and more information would be required to fully understand its key aspects and contributions to reducing fuel consumption and environmental impact."
"11. What are the key aspects of coaching delivery, safety protocols, performance measurement, follow-up support, driver training, and coaching that are covered in the standard? How do these aspects interact with each other, and what is their significance in the context of HGV Eco Driving?","The standard covers the following key aspects:

1. **Coaching Delivery**: This includes the requirements for delivering HGV Eco-Driving training, such as the qualifications and expertise of the instructors, and the use of approved training materials.
2. **Safety Protocols**: This aspect covers the safety procedures that must be followed during training, including the role of the instructor and the responsibility of the driver.
3. **Performance Measurement**: This involves the collection and analysis of data to assess the effectiveness of the training and the driver's performance.
4. **Follow-up Support**: This aspect includes the provision of ongoing support and guidance to drivers after the initial training.
5. **Driver Training and Coaching**: This covers the actual training and coaching of drivers, including the use of in-cab instruction, classroom-based instruction, and on-the-job coaching.

These aspects interact with each other in the following ways:

* Coaching delivery and safety protocols are closely linked, as the instructor must ensure that the training is delivered safely and effectively.
* Performance measurement is used to evaluate the effectiveness of the coaching delivery and to identify areas for improvement.
* Follow-up support is provided to reinforce the training and to help drivers maintain their new skills and knowledge.
* Driver training and coaching are the core components of the standard, and the other aspects support and enhance this core component.

The significance of these aspects in the context of HGV Eco Driving is as follows:

* **Reducing environmental impact**: By improving driving efficiency and reducing fuel consumption, HGV Eco Driving can help reduce greenhouse gas emissions and other negative environmental impacts.
* **Improving safety**: The standard's emphasis on safety protocols and responsible driving practices can help reduce the risk of accidents and improve road safety.
* **Increasing efficiency**: By optimizing driving techniques and vehicle maintenance, HGV Eco Driving can help reduce costs and improve the overall efficiency of transportation operations.
* **Supporting driver development**: The standard's focus on coaching and training can help drivers develop new skills and knowledge, which can lead to improved job satisfaction and career advancement opportunities.

Overall, the standard provides a comprehensive framework for delivering HGV Eco Driving training that prioritizes safety, efficiency, and environmental sustainability, while also supporting the development of drivers and the transportation industry as a whole."
"12. How often will the standard be reviewed, and what is the next review date? What factors will be considered during the review process, and how will the standard be updated to reflect changes in the industry?","The standard will be reviewed annually. The next review date is 2025-09-30. 

The factors that will be considered during the review process and how the standard will be updated are not specified in the provided context. The document only mentions that the standard is subject to change and that a change history is maintained, but it does not provide details on the review process or the factors that will be considered."
13. What is the contact information for the Department of Transport and the Chartered Institute of Logistics & Transport (CILT)? What resources are available for organizations and individuals seeking to become Approved HGV Eco Driving Training Providers or Master Trainers?,"The contact information for the Department of Transport and the Chartered Institute of Logistics & Transport (CILT) is as follows:

- Department of Transport: 
  - Address: Leeson Lane, Dublin 2, D02 TR60
  - Phone: +353 (0) 1 670 74444
  - Email: info@transport.gov.ie
  - Website: www.gov.ie/transport

- Chartered Institute of Logistics & Transport (CILT):
  - Address: 1 Fitzwilliam Place, Dublin 2, Ireland, D02 DT68
  - Phone: +353 (0) 1 676 3188
  - Email: info@cilt.ie
  - Website: www.cilt.ie

As for resources available for organizations and individuals seeking to become Approved HGV Eco Driving Training Providers or Master Trainers, the document mentions that the Assessing Body, appointed by the Department of Transport, will oversee the standards and approval process. The document also mentions that the Assessing Body will maintain a panel of Subject Matter Experts (SMEs) approved by the Department of Transport. 

Additionally, the document provides information on the requirements for becoming an Approved HGV Eco Driving Training Provider or Master Trainer, such as having appropriate knowledge and expertise, including Eco Will, TREATISE, and SAFED. However, it does not provide a comprehensive list of resources or a specific website for applications. It is likely that interested parties would need to contact the Department of Transport or the Chartered Institute of Logistics & Transport (CILT) directly for more information on the application process and available resources."
"14. What is the purpose of the Auditable Standards appendix, and how will it be used in the assessment process? What criteria will be used to evaluate the effectiveness of HGV Eco Driving training programs, and how will the appendix contribute to the overall assessment process?","The Auditable Standards appendix contains the core standards that will be assessed as part of the initial approval and ongoing auditing of HGV Eco Driving training programs. The purpose of this appendix is to provide a clear outline of the essential elements required to meet the approval threshold for the Department of Transport HGV Eco Driving Standard.

The Auditable Standards appendix will be used in the assessment process to evaluate the effectiveness of HGV Eco Driving training programs. The assessing body will use the standards listed in the appendix to assess whether training providers meet the requirements for approval.

The criteria used to evaluate the effectiveness of HGV Eco Driving training programs will include the core standards marked with an '*' in the document, as well as the examples contained within the subheadings of the core standards. However, not all examples are required to meet the standard unless individually marked with an '*'.

The Auditable Standards appendix will contribute to the overall assessment process by providing a clear and transparent framework for evaluating the effectiveness of HGV Eco Driving training programs. It will help to ensure that training providers meet the required standards and that the training programs are delivered in a consistent and effective manner.

In summary, the Auditable Standards appendix is a critical component of the assessment process, as it provides a clear outline of the core standards required for approval and will be used to evaluate the effectiveness of HGV Eco Driving training programs."
"15. What are the requirements for an organization to become an Approved HGV Eco Driving Training Provider, and what are the benefits of achieving this status? What support and resources are available to organizations seeking to become Approved HGV Eco Driving Training Providers?","The document does not explicitly outline the requirements for an organization to become an Approved HGV Eco Driving Training Provider. However, it does mention that an Approved HGV Eco Driving Training Provider is ""an organisation or person approved by the assessing body to offer and conduct eco driving training programmes to the public in line with these standards.""

To become an Approved HGV Eco Driving Training Provider, an organization would likely need to meet the standards outlined in the document, which include:

* Having instructors who are Approved HGV Eco Driving Master Trainers or have equivalent qualifications
* Delivering training programs that meet the requirements outlined in the document, including classroom-based instruction and in-cab coaching
* Having a robust safety protocol in place
* Meeting the auditable standards outlined in the appendix

The benefits of becoming an Approved HGV Eco Driving Training Provider are not explicitly stated in the document. However, it can be inferred that achieving this status would provide organizations with recognition and credibility in the industry, as well as access to resources and support from the assessing body and the Department of Transport.

The document does mention that the assessing body will maintain a panel of Subject Matter Experts (SMEs) who can provide guidance and support to organizations seeking to become Approved HGV Eco Driving Training Providers. Additionally, the document provides contact information for the Department of Transport and the Chartered Institute of Logistics and Transport (CILT), which may be able to provide further information and resources to organizations seeking to become Approved HGV Eco Driving Training Providers."
"16. Suppose you are an In-House Coach trained by an Approved HGV Eco Driving Master Trainer. What are your responsibilities, and how will you deliver the HGV Eco driving coaching programme to professional drivers within your organization? What challenges might you face, and how will you overcome them?","As an In-House Coach trained by an Approved HGV Eco Driving Master Trainer, my primary responsibility is to deliver the HGV Eco driving coaching programme to professional drivers within my organization. My responsibilities include:

1. **Coaching and training**: I will provide coaching and training to professional drivers on eco-driving techniques, focusing on improving driving efficiency, reducing fuel consumption, and minimizing environmental impact.
2. **Programme delivery**: I will deliver the HGV Eco driving coaching programme, which may include classroom-based instruction, in-cab coaching, and on-road training.
3. **Driver assessment**: I will assess the driving skills and habits of professional drivers within my organization to identify areas for improvement.
4. **Personalized coaching**: I will provide personalized coaching and feedback to drivers to help them improve their eco-driving skills and address any specific challenges they may be facing.
5. **Monitoring progress**: I will monitor the progress of drivers and provide ongoing support and feedback to ensure they continue to improve their eco-driving skills.

Challenges I might face include:

1. **Driver engagement**: Some drivers may be resistant to changing their driving habits or may not see the value in eco-driving techniques.
2. **Limited resources**: I may face limited resources, such as time, budget, or equipment, which could hinder my ability to deliver the coaching programme effectively.
3. **Variability in driver experience**: Drivers within my organization may have varying levels of experience and skills, which could require me to adapt my coaching approach to meet their individual needs.
4. **Measuring success**: I may face challenges in measuring the effectiveness of the coaching programme and demonstrating its impact on the organization.

To overcome these challenges, I would:

1. **Communicate the benefits**: Clearly communicate the benefits of eco-driving techniques to drivers, including the potential for cost savings, reduced environmental impact, and improved safety.
2. **Involve drivers in the process**: Encourage drivers to take an active role in the coaching process, setting goals and objectives for themselves and providing feedback on the programme.
3. **Tailor the coaching**: Adapt my coaching approach to meet the individual needs of drivers, taking into account their experience, skills, and learning style.
4. **Use data and metrics**: Use data and metrics to measure the effectiveness of the coaching programme, such as fuel consumption, emissions, and driver behavior.
5. **Seek support**: Seek support from my organization, the Approved HGV Eco Driving Master Trainer, and other resources to help overcome any challenges I may face.

By following these steps, I believe I can effectively deliver the HGV Eco driving coaching programme to professional drivers within my organization and help them improve their eco-driving skills, reducing the organization's environmental impact and improving its overall sustainability."
"17. If you are an Approved HGV Eco Driving Training Provider, how will you ensure that your training programs meet the requirements of the standard, and what support will you provide to your clients? What resources will you use to stay up-to-date with industry developments and best practices?","As an Approved HGV Eco Driving Training Provider, to ensure that training programs meet the requirements of the standard, the following steps can be taken:

1. **Familiarization with the Standard**: Thoroughly review and understand the HGV Eco Driving Standard Document, including all requirements and guidelines.
2. **Training Content Alignment**: Ensure that all training content is aligned with the standard, covering aspects such as eco-driving techniques, vehicle maintenance, and safety protocols.
3. **Approved Trainers**: Only use trainers who are Approved HGV Eco Driving Master Trainers or have equivalent qualifications and experience, as specified by the assessing body.
4. **Continuous Monitoring and Evaluation**: Regularly monitor and evaluate training programs to ensure they remain compliant with the standard and are effective in improving driving efficiency and reducing environmental impact.
5. **Client Support**: Provide comprehensive support to clients, including pre-training assessments, personalized coaching, and post-training evaluations to ensure they achieve their goals.
6. **Resources and Updates**: Utilize resources such as the Department of Transport's website, industry publications, and networking events to stay up-to-date with industry developments and best practices.

To stay current with industry developments and best practices, an Approved HGV Eco Driving Training Provider may use the following resources:

1. **Department of Transport Website**: Regularly visit the Department of Transport's website for updates on the HGV Eco Driving Standard and other relevant information.
2. **Industry Publications**: Subscribe to industry publications and newsletters to stay informed about the latest developments and research in eco-driving and sustainable transportation.
3. **Networking Events**: Attend conferences, seminars, and workshops to network with other professionals and stay updated on best practices and new technologies.
4. **Subject-Matter Experts (SMEs)**: Collaborate with SMEs, as approved by the Department of Transport, to ensure that training programs are based on the latest knowledge and expertise.
5. **Assessing Body Guidance**: Seek guidance from the assessing body, as needed, to ensure compliance with the standard and to address any questions or concerns.

By following these steps and utilizing these resources, an Approved HGV Eco Driving Training Provider can ensure that their training programs meet the requirements of the standard and provide valuable support to their clients, while staying up-to-date with industry developments and best practices."
"18. Imagine you are a driver who has completed an HGV Eco Driving training program. How will you apply the knowledge and skills you have gained to reduce fuel consumption and environmental impact while driving? What challenges might you face, and how will you overcome them?","As a driver who has completed an HGV Eco Driving training program, I will apply the knowledge and skills I have gained to reduce fuel consumption and environmental impact while driving in several ways:

1. **Optimizing my driving technique**: I will use the techniques learned during the training, such as smooth acceleration, gentle braking, and maintaining a consistent speed, to reduce fuel consumption.
2. **Using eco-driving modes**: I will utilize the vehicle's eco-driving modes, such as cruise control and automatic start/stop technology, to minimize fuel consumption.
3. **Monitoring and adjusting my driving style**: I will regularly review my driving data, such as fuel consumption and distance traveled, to identify areas for improvement and adjust my driving style accordingly.
4. **Maintaining my vehicle**: I will ensure that my vehicle is properly maintained, including regular tire pressure checks, oil changes, and filter replacements, to optimize fuel efficiency.
5. **Planning my routes**: I will plan my routes in advance to minimize idling time, reduce congestion, and avoid construction zones, which can help reduce fuel consumption and lower emissions.

However, I may face some challenges in applying the knowledge and skills I have gained, such as:

1. **Heavy traffic and congestion**: I may encounter heavy traffic and congestion, which can make it difficult to maintain a consistent speed and optimize my driving technique.
2. **Inclement weather**: Inclement weather, such as rain or snow, may require me to adjust my driving style, which can increase fuel consumption.
3. **Vehicle limitations**: My vehicle may not be equipped with the latest eco-driving technologies, which can limit my ability to optimize fuel consumption.
4. **Time pressures**: I may face time pressures to deliver goods quickly, which can tempt me to drive more aggressively and increase fuel consumption.

To overcome these challenges, I will:

1. **Stay focused and patient**: I will remain focused and patient while driving, even in heavy traffic or inclement weather, to maintain a safe and fuel-efficient driving style.
2. **Use technology to my advantage**: I will utilize technology, such as GPS and route optimization software, to plan my routes and minimize idling time.
3. **Regularly review and adjust my driving style**: I will regularly review my driving data and adjust my driving style to optimize fuel consumption and reduce emissions.
4. **Communicate with my employer**: I will communicate with my employer about any challenges I face and work together to find solutions that balance delivery times with fuel efficiency and safety.

By applying the knowledge and skills I have gained from the HGV Eco Driving training program and overcoming the challenges I may face, I am confident that I can reduce fuel consumption and environmental impact while driving."
"19. As an Approved HGV Eco Driving Master Trainer, how will you assess the competence of In-House Coaches, and what feedback will you provide to help them improve their coaching skills? What criteria will you use to evaluate their performance, and how will you provide ongoing support and guidance?","As an Approved HGV Eco Driving Master Trainer, I will assess the competence of In-House Coaches by evaluating their ability to deliver the HGV Eco driving coaching programme effectively. The criteria I will use to evaluate their performance include:

1. Knowledge of eco-driving principles and techniques
2. Ability to communicate effectively with drivers
3. Ability to provide constructive feedback and guidance
4. Ability to adapt coaching style to meet the needs of individual drivers
5. Ability to use trip computer data and other performance metrics to inform coaching

To assess these criteria, I will use a combination of observation, feedback from drivers, and review of coaching records. I will provide feedback to In-House Coaches on their strengths and areas for improvement, and provide guidance on how to develop their coaching skills further.

Ongoing support and guidance will be provided through regular meetings, coaching sessions, and access to resources and training materials. I will also encourage In-House Coaches to reflect on their own practice and identify areas for improvement, and provide opportunities for them to share best practices and learn from each other.

In terms of specific feedback, I will provide In-House Coaches with feedback on their:

* Coaching style and approach
* Ability to engage with drivers and provide constructive feedback
* Knowledge of eco-driving principles and techniques
* Ability to use data and other performance metrics to inform coaching
* Overall effectiveness in improving driver behavior and reducing environmental impact

I will also provide In-House Coaches with opportunities to observe and participate in coaching sessions, and to receive feedback from drivers and other stakeholders. This will help them to develop their coaching skills and stay up-to-date with best practices in eco-driving coaching.

Overall, my goal as an Approved HGV Eco Driving Master Trainer is to support In-House Coaches in developing their coaching skills and providing high-quality coaching to drivers, in order to improve driver behavior and reduce environmental impact."
"20. Suppose you are a coder or programmer tasked with developing a system to track and monitor the performance of HGV Eco Driving training programs. What features would you include in the system, and how would you ensure that it meets the requirements of the standard? What data would you collect, and how would you use it to improve the effectiveness of the training programs?","To develop a system to track and monitor the performance of HGV Eco Driving training programs, I would include the following features:

1. **User Management**: A module to manage user accounts for trainers, trainees, and administrators, with role-based access control to ensure that each user can only access authorized features and data.
2. **Training Program Management**: A module to manage training programs, including scheduling, curriculum, and materials.
3. **Driver Profiling**: A module to store driver information, including license details, vehicle information, and training history.
4. **Training Session Management**: A module to manage training sessions, including scheduling, attendance, and evaluation.
5. **Performance Metrics**: A module to collect and analyze performance metrics, such as fuel consumption, distance traveled, and driving habits.
6. **Trip Computer Integration**: Integration with trip computers to collect data on fuel consumption, distance traveled, and other performance metrics.
7. **Eco-Driving Scorecard**: A module to generate scorecards for drivers, providing feedback on their eco-driving performance and areas for improvement.
8. **Reporting and Analytics**: A module to generate reports and analytics on training program effectiveness, driver performance, and fleet performance.
9. **Notification System**: A module to send notifications to drivers, trainers, and administrators on upcoming training sessions, training completion, and performance metrics.

To ensure that the system meets the requirements of the standard, I would:

1. **Conduct a thorough review of the standard**: Study the HGV Eco Driving Standard document to understand the requirements and guidelines.
2. **Collaborate with subject matter experts**: Work with Subject-Matter Experts (SMEs) and trainers to ensure that the system meets the requirements of the standard and is effective in improving driver performance.
3. **Develop a data collection plan**: Identify the data required to meet the standard and develop a plan to collect and analyze the data.
4. **Implement data validation and verification**: Implement data validation and verification processes to ensure that the data collected is accurate and reliable.
5. **Conduct regular system audits**: Conduct regular system audits to ensure that the system is meeting the requirements of the standard and is effective in improving driver performance.

The data collected would include:

1. **Driver information**: License details, vehicle information, and training history.
2. **Training session data**: Attendance, evaluation, and feedback.
3. **Performance metrics**: Fuel consumption, distance traveled, and driving habits.
4. **Trip computer data**: Fuel consumption, distance traveled, and other performance metrics.
5. **Eco-driving scorecard data**: Driver performance metrics, including eco-driving scores and areas for improvement.

This data would be used to:

1. **Improve driver performance**: Provide feedback to drivers on their eco-driving performance and areas for improvement.
2. **Evaluate training program effectiveness**: Analyze data on training program effectiveness and make recommendations for improvement.
3. **Optimize fleet performance**: Analyze data on fleet performance and make recommendations for improvement.
4. **Identify trends and patterns**: Identify trends and patterns in driver behavior and performance, and make recommendations for improvement.
5. **Inform policy and decision-making**: Provide data and insights to inform policy and decision-making at the organizational and industry level."
I hope these refined questions are helpful! Let me know if you have any further requests.,"You haven't asked a question yet. Please go ahead and ask your question, and I'll do my best to answer it based on the provided context."
